{
  "timestamp": "2025-12-13T05:17:16.650Z",
  "version": "12.7",
  "changesCount": 8,
  "changes": [
    {
      "key": "proton_decay",
      "type": "changed",
      "oldValue": {
        "M_GUT": 21180954475766468,
        "M_GUT_error": 0,
        "M_GUT_percent_error": 0,
        "s_parameter": 1.178131287320915,
        "T_omega_torsion": -0.8835977215981629,
        "alpha_GUT_inv": 23.538581563878598,
        "alpha_GUT": 0.04248344350258393,
        "tau_p_central": 3.8339686458055484e+34,
        "tau_p_median": 3.7657812622599206e+34,
        "tau_p_mean": 3.9363231554272662e+34,
        "tau_p_std": 1.490856485099514e+34,
        "tau_p_lower_68": 2.457259853229461e+34,
        "tau_p_upper_68": 5.489325783139207e+34,
        "tau_p_lower_95": 1.4135721055234118e+34,
        "tau_p_upper_95": 7.2044255736815e+34,
        "tau_p_uncertainty_oom": 0.17476958817926774,
        "super_k_bound": 1.67e+34,
        "ratio_to_bound": 2.254958839676599
      },
      "newValue": {
        "M_GUT": 21180954475766468,
        "M_GUT_error": 0,
        "M_GUT_percent_error": 0,
        "s_parameter": 1.178131287320915,
        "T_omega_torsion": -0.8835977215981629,
        "alpha_GUT_inv": 23.538581563878598,
        "alpha_GUT": 0.04248344350258393,
        "tau_p_central": 3.8339686458055484e+34,
        "tau_p_median": 3.867498403704247e+34,
        "tau_p_mean": 4.0204683504749383e+34,
        "tau_p_std": 1.4728145563352349e+34,
        "tau_p_lower_68": 2.5458526249585956e+34,
        "tau_p_upper_68": 5.519866429544899e+34,
        "tau_p_lower_95": 1.5328587147297244e+34,
        "tau_p_upper_95": 7.307065405737954e+34,
        "tau_p_uncertainty_oom": 0.17084273003506092,
        "super_k_bound": 1.67e+34,
        "ratio_to_bound": 2.3158673076073333
      }
    },
    {
      "key": "pmns_matrix",
      "type": "changed",
      "oldValue": {
        "theta_23": 45,
        "theta_12": 33.59329049922625,
        "theta_13": 8.568979552196335,
        "delta_cp": 235,
        "theta_23_sigma": 1.1000000000000014,
        "theta_12_sigma": 0.2443873323016703,
        "theta_13_sigma": 0.008503731697206973,
        "delta_cp_sigma": 0.1,
        "average_sigma": 0.3632227659997197,
        "theta_23_error": 0.7961226468112017,
        "theta_12_error": 1.2250316842198627,
        "theta_13_error": 0.35468691102618,
        "delta_cp_error": 28.85107405326479
      },
      "newValue": {
        "theta_23": 45,
        "theta_12": 33.59329049922625,
        "theta_13": 8.568979552196335,
        "delta_cp": 235,
        "theta_23_sigma": 1.1000000000000014,
        "theta_12_sigma": 0.2443873323016703,
        "theta_13_sigma": 0.008503731697206973,
        "delta_cp_sigma": 0.1,
        "average_sigma": 0.3632227659997197,
        "theta_23_error": 0.8023094157432754,
        "theta_12_error": 1.218360952494662,
        "theta_13_error": 0.36126343132742256,
        "delta_cp_error": 28.93468179891108
      }
    },
    {
      "key": "v10_1_neutrino_masses",
      "type": "changed",
      "oldValue": {
        "m1_eV": 0.0008302179554519628,
        "m2_eV": 0.008965783655195991,
        "m3_eV": 0.05026066790848336,
        "sum_masses_eV": 0.060056669519131314,
        "delta_m21_sq_eV2": 0.00007969601469822475,
        "delta_m31_sq_eV2": 0.0025254454767532943,
        "delta_m21_sq_error_percent": 7.407027895181603,
        "delta_m31_sq_error_percent": 0.4153271074868541,
        "PMNS_matrix": "[[\"0.2216158579579192+0.03026996462105055i\",0.8286971138202123,\"-0.1007270656211364+0.47634472674592365i\"],[0.9719728266564138,\"-0.21684543797923045-0.05194590607005424i\",\"0.06876319565412119-0.16116813731763413i\"],[\"-0.03516865378185353+0.06326239622500168i\",\"0.12475576647588034-0.49797266104398i\",0.8557138622166314]]",
        "status": "v12.3 hybrid suppression (base ~40 + flux ~3.1 = 124)",
        "agreement": "7.4% solar, 0.4% atmospheric (NuFIT 6.0)"
      },
      "newValue": {
        "m1_eV": 0.0008302179554519628,
        "m2_eV": 0.008965783655195991,
        "m3_eV": 0.05026066790848336,
        "sum_masses_eV": 0.060056669519131314,
        "delta_m21_sq_eV2": 0.00007969601469822475,
        "delta_m31_sq_eV2": 0.0025254454767532943,
        "delta_m21_sq_error_percent": 7.407027895181603,
        "delta_m31_sq_error_percent": 0.4153271074868541,
        "PMNS_matrix": [
          [
            "0.2216158579579192+0.03026996462105055i",
            0.8286971138202123,
            "-0.1007270656211364+0.47634472674592365i"
          ],
          [
            0.9719728266564138,
            "-0.21684543797923045-0.05194590607005424i",
            "0.06876319565412119-0.16116813731763413i"
          ],
          [
            "-0.03516865378185353+0.06326239622500168i",
            "0.12475576647588034-0.49797266104398i",
            0.8557138622166314
          ]
        ],
        "status": "v12.3 hybrid suppression (base ~40 + flux ~3.1 = 124)",
        "agreement": "7.4% solar, 0.4% atmospheric (NuFIT 6.0)"
      }
    },
    {
      "key": "v10_2_all_fermions",
      "type": "changed",
      "oldValue": {
        "quark_masses_GeV": {
          "u": 0.0022000000012411384,
          "c": 1.270000000397518,
          "t": 172.69999997883318,
          "d": 0.004699999996193742,
          "s": 0.09500000009280164,
          "b": 4.180000011850292
        },
        "lepton_masses_GeV": {
          "e": 0.0005109999983898365,
          "mu": 0.10566000027820373,
          "tau": 1.7770000022247123
        },
        "CKM_matrix": "[[0.9990278852241654,0.008893103678225486,0.043176350604235976],[0.0010256697284315391,0.9793067049987146,0.2023791628260308],[0.04407076747845211,0.20218627612062692,0.9783549852698341]]",
        "status": "Derived from G_2 cycle intersections",
        "agreement": "<1.8% all masses",
        "gauge_bosons_derived": {
          "Z_mass_GeV": 91.1876,
          "W_mass_GeV": 80.377,
          "photon_mass_GeV": 0,
          "status": "SM gauge bosons from SU(2)×U(1) breaking"
        },
        "leptons": {
          "e": {
            "mass_MeV": 0.511,
            "mass_GeV": 0.000511
          },
          "mu": {
            "mass_MeV": 105.7,
            "mass_GeV": 0.1057
          },
          "tau": {
            "mass_MeV": 1777,
            "mass_GeV": 1.777
          }
        }
      },
      "newValue": {
        "quark_masses_GeV": {
          "u": 0.0022000000012411384,
          "c": 1.270000000397518,
          "t": 172.69999997883318,
          "d": 0.004699999996193742,
          "s": 0.09500000009280164,
          "b": 4.180000011850292
        },
        "lepton_masses_GeV": {
          "e": 0.0005109999983898365,
          "mu": 0.10566000027820373,
          "tau": 1.7770000022247123
        },
        "CKM_matrix": [
          [
            0.9990278852241654,
            0.008893103678225486,
            0.043176350604235976
          ],
          [
            0.0010256697284315391,
            0.9793067049987146,
            0.2023791628260308
          ],
          [
            0.04407076747845211,
            0.20218627612062692,
            0.9783549852698341
          ]
        ],
        "status": "Derived from G_2 cycle intersections",
        "agreement": "<1.8% all masses",
        "gauge_bosons_derived": {
          "Z_mass_GeV": 91.1876,
          "W_mass_GeV": 80.377,
          "photon_mass_GeV": 0,
          "status": "SM gauge bosons from SU(2)×U(1) breaking"
        },
        "leptons": {
          "e": {
            "mass_MeV": 0.511,
            "mass_GeV": 0.000511
          },
          "mu": {
            "mass_MeV": 105.7,
            "mass_GeV": 0.1057
          },
          "tau": {
            "mass_MeV": 1777,
            "mass_GeV": 1.777
          }
        }
      }
    },
    {
      "key": "v12_6_geometric_derivations",
      "type": "changed",
      "oldValue": {
        "vev_pneuma": {
          "v_EW": 173.96922755245848,