{
  "kk_spectrum": {
    "eigenvalues": [
      0.0026284328951741154,
      0.010472279623789382,
      0.02340783803724955,
      0.041231106652045435,
      0.06366100187501766,
      0.0903437908595296,
      0.12085867008377027,
      0.15472440167366786,
      0.1914069028116424,
      0.23032766854168418,
      0.2708728951380918,
      0.3124031601568954,
      0.35426350650977134,
      0.3957937715285748,
      0.43633899812498267,
      0.4752597638550243,
      0.511942264992999,
      0.5458079965828966,
      0.5763228758071373,
      0.6030056647916492,
      0.6254355600146212,
      0.6432588286294172,
      0.6561943870428771,
      0.6640382337714927
    ],
    "masses_GeV": [
      256.3412225518028,
      511.67078340934665,
      764.9810134449343,
      1015.272212907029,
      1261.556596778536,
      1502.8621931129412,
      1738.2366789635573,
      1966.751138767103,
      2187.5037303490617,
      2399.6232440827257,
      2602.2725411555753,
      2794.6518573737208,
      2976.0019594658006,
      3145.6071414298335,
      3302.7980490978503,
      3446.9543217709756,
      3577.5070404997073,
      3693.9409733470857,
      3795.7966087737673,
      3882.6719691201356,
      3954.2241970284804,
      4010.1709085443517,
      4050.291307557017,
      4074.42705718084
    ],
    "tower": {
      "(1, 0)": 5000.0,
      "(1, 1)": 7071.067811865476,
      "(1, 2)": 11180.339887498949,
      "(1, 3)": 15811.388300841898,
      "(1, 4)": 20615.528128088303,
      "(1, 5)": 25495.097567963923,
      "(2, 0)": 10000.0,
      "(2, 1)": 11180.339887498949,
      "(2, 2)": 14142.135623730952,
      "(2, 3)": 18027.756377319947,
      "(2, 4)": 22360.679774997898,
      "(2, 5)": 26925.82403567252,
      "(3, 0)": 15000.0,
      "(3, 1)": 15811.388300841898,
      "(3, 2)": 18027.756377319947,
      "(3, 3)": 21213.203435596424,
      "(3, 4)": 25000.0,
      "(3, 5)": 29154.759474226503,
      "(4, 0)": 20000.0,
      "(4, 1)": 20615.528128088303,
      "(4, 2)": 22360.679774997898,
      "(4, 3)": 25000.0,
      "(4, 4)": 28284.271247461904,
      "(4, 5)": 32015.621187164244,
      "(5, 0)": 25000.0,
      "(5, 1)": 25495.097567963923,
      "(5, 2)": 26925.82403567252,
      "(5, 3)": 29154.759474226503,
      "(5, 4)": 32015.621187164244,
      "(5, 5)": 35355.33905932738
    },
    "m1": 256.3412225518028,
    "m2": 511.67078340934665,
    "m3": 764.9810134449343,
    "m1_std": 645.5450880199882,
    "m2_std": 912.9386186012007,
    "m3_std": 1118.1168910271424,
    "sigma_m1_fb": 41943.6220057623,
    "sigma_m1_std": 4116.462230123084,
    "branching_ratios": {
      "gg": 0.65,
      "qq": 0.25,
      "ll": 0.08,
      "gamma_gamma": 0.02
    },
    "discovery_significance_sigma": 2621476.375360144
  },
  "mass_ordering": {
    "index_total": -0.015755745432412704,
    "ordering_predicted": "NH",
    "prob_IH": 0.5,
    "prob_NH": 0.5,
    "prob_IH_mean": 0.5636514286417605,
    "prob_IH_std": 0.013549511965255267,
    "prob_NH_mean": 0.43634857135823946,
    "masses_IH_meV": [
      NaN,
      NaN,
      19.042393974115196
    ],
    "masses_NH_meV": [
      19.042393974115196,
      20.926365385929273,
      53.76720904292335
    ],
    "confidence_level": 0.5
  }
}