{
  "total_parameters": 3,
  "within_1sigma": 2,
  "within_2sigma": 2,
  "within_3sigma": 3,
  "exact_matches": 0,
  "passed": 3,
  "failed": 0,
  "sigmas": [
    2.699999999999998,
    0.21428571428571175,
    0.9090909090909866
  ],
  "mean_sigma": 1.2744588744588987,
  "success_rate_1sigma": 66.66666666666667,
  "success_rate_2sigma": 66.66666666666667
}