{
  "framework": "Principia Metaphysica v24.1",
  "test_name": "Unity Identity Adversarial Stress-Test",
  "test_date": "2026-02-22",
  "target_value": {
    "alpha_inv_codata": 137.035999177,
    "source": "CODATA 2018"
  },
  "topology": {
    "manifold": "M\u00b2\u2077(26,1)",
    "structure": "12\u00d7(2,0) + C^(2,0) + (0,1)",
    "b3": 24,
    "chi_eff": 144
  },
  "test_parameters": {
    "total_iterations": 1000,
    "perturbation_type": "Gaussian (\u03c3=0.1)",
    "optimization_method": "Nelder-Mead",
    "deviation_threshold": 0.1
  },
  "results": {
    "status": "FRAGILE",
    "failure_rate": 1.0,
    "failure_rate_percent": 100.0,
    "total_violations": 1000,
    "mean_deviation": 7.788280666169146,
    "max_deviation": 18.583047427423395,
    "std_deviation": 2.9017990003150436,
    "conclusion": "Circularity detected - identity may be coincidental",
    "topological_basin_radius": 0.5
  },
  "violations": [
    {
      "iteration": 0,
      "deviation": 5.680684312100084,
      "deviation_percent": 4.145395623206085,
      "params": [
        0.05039296843063519,
        -0.01529437958806867,
        0.06877023322693482,
        0.165728893513525,
        -0.02327329260465616,
        -0.022213518556529567,
        0.17103926255797042,
        0.08121909439539202,
        -0.046122639968791054,
        0.05728153411099765,
        -0.04543521445810397,
        -0.04547895937241411,
        0.024478295551765852,
        -0.13162679180468712,
        -0.16490293167767173,
        -0.055884756360162366,
        -0.10891796905094983,
        0.03222813430612091,
        -0.08729588732163585,
        -0.13572989719345446,
        0.15878074717611568,
        -0.023058722988482022,
        0.007564324715548713,
        -0.1262174527657996,
        -0.04767934099649851,
        0.011299446208311397,
        -0.11661595542299996
      ],
      "success": false
    },
    {
      "iteration": 1,
      "deviation": 4.153784533287421,
      "deviation_percent": 3.0311630215665173,
      "params": [
        0.039787928295383426,
        -0.05931418874260516,
        -0.027998881164992176,
        -0.06324038631008225,
        0.20045005024036738,
        -0.0013007900239118074,
        -0.10353603295935823,
        0.08795125807082893,
        -0.09952759154392476,
        0.021832479147630465,
        -0.18138880819484932,
        -0.12864445053997192,
        0.01792007302303676,
        0.07913520465652168,
        0.017548289419418016,
        -0.01127887587875559,
        -0.03230475619699101,
        -0.1391819457135603,
        -0.07185998711541522,
        -0.04569199698786128,
        0.1125687001665451,
        0.03632744273707614,
        -0.1532716348097941,
        0.0340790113853784,
        -0.038779976042508546,
        -0.06877610603767761,
        0.06098234052809837
      ],
      "success": false
    },
    {
      "iteration": 2,
      "deviation": 9.828545057652605,
      "deviation_percent": 7.172235848010819,
      "params": [
        0.11665601654785032,
        0.09740867000134132,
        -0.08148114403244527,
        -0.03017835458725856,
        0.03637404345012793,
        0.10279222820754513,
        -0.047156300226212394,
        -0.018348339867561764,
        -0.10538463021858374,
        -0.11441536112030806,
        0.08233316512475808,
        0.14439455962109038,
        -0.0073368550476762065,
        0.10642791131576426,
        0.03627451533742389,
        -0.06289149902116209,
        0.03561682408132395,
        0.16337544330900394,
        -0.003656731357802637,
        0.1491634789827716,
        -0.17470509164192083,
        0.08252439088457245,
        0.00884878151970217,
        -0.029369323129766242,
        0.010131182266326318,
        -0.18751407920120378,
        -0.022111438736303043
      ],
      "success": false
    },
    {
      "iteration": 3,
      "deviation": 5.497766463602147,
      "deviation_percent": 4.011914020126244,
      "params": [
        0.03761287042180485,
        0.15136312467635915,
        -0.0509438850009135,
        -0.07797942402990812,
        -0.049040619383945966,
        0.09835076742787716,
        0.034902621661650965,
        -0.05244772648614325,
        0.057735549949062784,
        0.00994910377909735,
        0.10445068576011496,
        -0.06830709059056725,
        -0.0313700763551832,
        -0.03871602858231957,
        -0.13474203571203253,
        0.03128405477280148,
        0.027431862131760743,
        0.0005258250394835585,
        -0.02284184367298351,
        -0.10371990092245276,
        -0.04129926189860486,
        -0.03665012504180147,
        -0.07777488126246365,
        -0.015949924095743112,
        0.0447061179512282,
        0.17133837490421622,
        0.01727557399904124
      ],
      "success": false
    },
    {
      "iteration": 4,
      "deviation": 8.139773584944578,
      "deviation_percent": 5.939879764317251,
      "params": [
        0.02713306854950156,
        -0.007267101893763513,
        -0.17488345862660093,
        -0.0023425131171972815,
        0.006174216475072967,
        0.2569541108483102,
        -0.018696894338557993,
        0.03200694053877548,
        -0.0032786839449619083,
        -0.1117315081667436,
        0.12303719688442741,
        0.08025227488279729,
        0.0836275191935402,
        -0.08630225393264057,
        0.15996679677776,
        -0.13099827927967322,
        0.06254505424320632,
        0.2381203596944655,
        -0.09476018158110794,
        -0.056857710056169256,
        0.010435084416556138,
        -0.05221609430195501,
        -0.14596183431238519,
        0.00623626370154551,
        -0.10315401484761766,
        0.046668008982480136,
        -0.08977479434035501
      ],
      "success": false
    },
    {
      "iteration": 5,
      "deviation": 7.831444039268888,
      "deviation_percent": 5.714880824237687,
      "params": [
        0.16675576276371573,
        -0.07654389561260652,
        -0.03198949839064025,
        0.09157854664926768,
        -0.095732944212503,
        0.02255401331421951,
        0.14017972101270615,
        -0.14960942419748596,
        0.020110442415009193,
        0.026513386310482397,
        0.08367431477626502,
        -0.11700438462977986,
        -0.12360515740167893,
        0.05479480516613336,
        0.030949034787844595,
        0.025342574652890165,
        0.036333479326537285,
        -0.06404528722920846,
        0.02327689682458567,
        0.026709292846941915,
        -0.06984103420468302,
        0.18996218875391768,
        0.050076478193282065,
        -0.11383178433680374,
        0.07091946972064023,
        -0.09868398812239654,
        0.07813030533443258
      ],
      "success": false
    },
    {
      "iteration": 6,
      "deviation": 11.624643172039583,
      "deviation_percent": 8.482911966092084,
      "params": [
        0.12253497501654029,
        -0.0731967882063855,
        0.10161808663678346,
        0.04235466520069528,
        0.08502470612571347,
        0.20584773165767312,
        -0.024199486309010282,
        -0.07289793313516252,
        -0.08441007642638299,
        -0.0789542875820961,
        -0.007494130510746214,
        0.03369191747691162,
        0.027446725890540986,
        0.07638812666036979,
        0.001282987129362377,
        0.15548426430469153,
        -0.0261706509020034,
        0.31073775911317925,
        0.06499978200502277,
        -0.08069199730946269,
        -0.09974932286930499,
        0.04983220149125761,
        -0.02369132956701174,
        0.07914936879534928,
        0.046226436983562755,
        -0.007714045275333783,
        -0.07221577680185734
      ],
      "success": false
    },
    {
      "iteration": 7,
      "deviation": 10.968155221204142,
      "deviation_percent": 8.003849562943916,