{
  "audit_version": "23.1-27D",
  "timestamp": "2026-01-25T14:22:40.250948Z",
  "session_id": "20260125142240",
  "sterility_score": "100%",
  "verifications": {
    "integer_closure": {
      "formula": "135 + 153 = 288",
      "passed": true
    },
    "parity_sum": {
      "value": 1.6403417015341701,
      "target": 1.6403,
      "passed": true
    },
    "tzimtzum_fraction": {
      "value": 0.9583333333333334,
      "formula": "23/24",
      "passed": true
    },
    "watts_guard_rail": {
      "value": 1.0,
      "target": 1.0,
      "passed": true
    }
  },
  "provenance": {
    "h0": "Derived via O'Dowd Formula: 71.5501",
    "w0": "Derived via Tzimtzum Seal: -0.9583333333",
    "source_of_truth": "core/FormulasRegistry.py"
  },
  "seeds": {
    "b3": 24,
    "chi_eff": 72,
    "roots_total": 288,
    "visible_sector": 125,
    "sterile_sector": 163,
    "watts_constant": 1.0,
    "reid_invariant": 0.006944444444444444,
    "weinstein_scale": 12.0,
    "hossenfelder_root": 4.898979485566356,
    "odowd_bulk_pressure": 163,
    "penrose_hameroff_bridge": 13,
    "christ_constant": 153,
    "sophian_drag": 0.6820083682008368,
    "demiurgic_coupling": 12.31830988618379,
    "tzimtzum_pressure": 0.9583333333333334,
    "sophian_gamma": 0.5772156649015329,
    "shadow_sector": 135,
    "delta_jc": 153,
    "visible_gates": 135,
    "logic_closure": 288
  },
  "derived": {
    "h0_local": 71.5500639237564,
    "h0_early": 67.4,
    "w0_dark_energy": -0.9583333333333334,
    "parity_sum": 1.6403417015341701,
    "chi_parity_product": 144.0,
    "c_kaf": 27.2,
    "mass_ratio": 1836.1907528988008,
    "alpha_inverse": 137.03599917613738,
    "sterile_ratio": 0.5659722222222222
  }
}